st_size14674216;st_mode33279;st_atime1673201578.6217897
st_size21264;st_mode33279;st_atime1673201579.9122298
st_size14674216;st_mode33279;st_atime1673201578.6217897
st_size21264;st_mode33279;st_atime1673201579.9122298
st_size14674216;st_mode33279;st_atime1673201578.6217897
st_size21264;st_mode33279;st_atime1673201579.9122298
st_size14674216;st_mode33279;st_atime1673201578.6217897
st_size21264;st_mode33279;st_atime1673201579.9122298
st_size14674216;st_mode33279;st_atime1673201578.6217897
st_size21264;st_mode33279;st_atime1673201579.9122298
st_size14674216;st_mode33279;st_atime1673201578.6217897
st_size21264;st_mode33279;st_atime1673201579.9122298
st_size14674216;st_mode33279;st_atime1673201578.6217897
st_size21264;st_mode33279;st_atime1673201579.9122298
st_size14674216;st_mode33279;st_atime1673201578.6217897
st_size21264;st_mode33279;st_atime1673201579.9122298
st_size14674216;st_mode33279;st_atime1673201578.6217897
st_size21264;st_mode33279;st_atime1673201579.9122298
st_size14674216;st_mode33279;st_atime1673201578.6217897
st_size21264;st_mode33279;st_atime1673201579.9122298
st_size14674216;st_mode33279;st_atime1673201578.6217897
st_size21264;st_mode33279;st_atime1673201579.9122298
st_size14674216;st_mode33279;st_atime1673201578.6217897
st_size21264;st_mode33279;st_atime1673201579.9122298
st_size14674216;st_mode33279;st_atime1673201578.6217897
st_size21264;st_mode33279;st_atime1673201579.9122298
st_size45208;st_mode33279;st_atime1673201578.6965313
st_size106648;st_mode33279;st_atime1673201578.6965313
st_size70808;st_mode33279;st_atime1673201578.6965313
st_size23704;st_mode33279;st_atime1673201578.6965313
st_size23704;st_mode33279;st_atime1673201578.6965313
st_size54424;st_mode33279;st_atime1673337302.7458532
st_size23704;st_mode33279;st_atime1673201578.6965313
st_size23704;st_mode33279;st_atime1673201578.701681
st_size23704;st_mode33279;st_atime1673201578.701681
st_size54424;st_mode33279;st_atime1673201578.701681
st_size23704;st_mode33279;st_atime1673201578.701681
st_size23704;st_mode33279;st_atime1673201578.701681
st_size23704;st_mode33279;st_atime1673201578.701681
st_size23704;st_mode33279;st_atime1673201578.701681
st_size23704;st_mode33279;st_atime1673201578.701681
st_size23704;st_mode33279;st_atime1673201578.701681
st_size23704;st_mode33279;st_atime1673201578.701681
st_size23704;st_mode33279;st_atime1673201578.7066894
st_size23704;st_mode33279;st_atime1673201578.7066894
st_size23704;st_mode33279;st_atime1673201578.7066894
st_size23704;st_mode33279;st_atime1673201578.7066894
st_size23704;st_mode33279;st_atime1673201578.7163837
st_size23704;st_mode33279;st_atime1673201578.7174013
st_size23704;st_mode33279;st_atime1673201578.7174013
st_size23704;st_mode33279;st_atime1673201578.7174013
st_size23704;st_mode33279;st_atime1673201578.7174013
st_size23704;st_mode33279;st_atime1673201578.7368095
st_size23704;st_mode33279;st_atime1673201578.7368095
st_size23704;st_mode33279;st_atime1673201578.7368095
st_size23704;st_mode33279;st_atime1673201578.7368095
st_size23704;st_mode33279;st_atime1673201578.7368095
st_size23704;st_mode33279;st_atime1673201578.756532
st_size23704;st_mode33279;st_atime1673201578.756532
st_size23704;st_mode33279;st_atime1673201578.7649746
st_size23704;st_mode33279;st_atime1673201579.3985615
st_size23704;st_mode33279;st_atime1673201579.4638772
st_size113080;st_mode33279;st_atime1673201578.6338573
st_size53176;st_mode33279;st_atime1673201578.6768038
st_size38328;st_mode33279;st_atime1673201578.9867635
st_size57784;st_mode33279;st_atime1673201579.1665666
st_size57272;st_mode33279;st_atime1673201579.2066615
st_size33720;st_mode33279;st_atime1673201579.3567705
st_size75192;st_mode33279;st_atime1673201579.366382
st_size65976;st_mode33279;st_atime1673201579.3765125
st_size32184;st_mode33279;st_atime1673201579.3865137
st_size95672;st_mode33279;st_atime1673201579.406571
st_size81848;st_mode33279;st_atime1673335887.4744635
st_size83384;st_mode33279;st_atime1673201579.4367912
st_size80824;st_mode33279;st_atime1673201579.456779
st_size83384;st_mode33279;st_atime1673201579.5615327
st_size82872;st_mode33279;st_atime1673201579.5665915
st_size205240;st_mode33279;st_atime1673337302.7458532
st_size74680;st_mode33279;st_atime1673201579.5764682
st_size47544;st_mode33279;st_atime1673201579.5774806
st_size87992;st_mode33279;st_atime1673201579.6099246
st_size87992;st_mode33279;st_atime1673201579.6099246
st_size56760;st_mode33279;st_atime1673201579.6664557
st_size159160;st_mode33279;st_atime1673201579.7204614
st_size28600;st_mode33279;st_atime1673201579.7204614
st_size158648;st_mode33279;st_atime1673201579.7204614
st_size3986360;st_mode33279;st_atime1673201579.9364252
st_size104888;st_mode33279;st_atime1673201579.3567705
st_size232888;st_mode33279;st_atime1673201579.8720243
st_size201656;st_mode33279;st_atime1673201579.8765273
st_size598456;st_mode33279;st_atime1673201579.8765273
st_size468920;st_mode33279;st_atime1673201579.8806062
st_size72120;st_mode33279;st_atime1673201579.8806062
st_size76216;st_mode33279;st_atime1673201579.8806062
st_size72120;st_mode33279;st_atime1673201579.8806062
st_size234936;st_mode33279;st_atime1673201579.8806062
st_size206776;st_mode33279;st_atime1673201579.8866122
