4096;168954096;16895;1664876354.5216064
4096;16895;1664876423.330707
4096;16895;1664876462.1347995
4096;16895;1664876569.609086
4096;16895;1664877267.1402001
4096;16895;1664877635.783964
4096;16895;1664877736.2604244
883408;33279;1664874161.9117143
883408;33279;1664874161.9117143
883408;33279;1664874161.9117143
883408;33279;1664874161.9117143
883408;33279;1664874161.9117143
883408;33279;1664874161.9117143
883408;33279;1664874161.9117143
883408;33279;1664874161.9117143
883408;33279;1664874161.9117143
883408;33279;1664874161.9117143
883408;33279;1664874161.9117143
883408;33279;1664874161.9117143
883408;33279;1664874161.9117143
391152;33279;1664874159.2092273
364016;33279;1664874159.2092273
312304;33279;1664874159.2248495
62976;33279;1664874163.692544
99632;33279;1664874160.1621268
47920;33279;1664874160.55266
31536;33279;1664874161.3649685
52528;33279;1664874161.6461525
46384;33279;1664874161.7555008
26928;33279;1664874161.9429567
69936;33279;1664874161.98982
56624;33279;1664874162.0210638
25392;33279;1664874162.0523162
90416;33279;1664874162.3803546
76592;33279;1664874162.3803546
78128;33279;1664874162.395975
71984;33279;1664874162.4584608
78128;33279;1664874163.3176327
77616;33279;1664874163.3644967
198960;33279;1664874258.8987951
69424;33279;1664874163.3957703
42800;33279;1664874163.4113784
82736;33279;1664874163.6613042
82736;33279;1664874163.6613042
53552;33279;1664874163.8175144
64304;33279;1664874163.8175144
146736;33279;1664874163.895622
23344;33279;1664874163.895622
152368;33279;1664874163.895622
2866480;33279;1664874164.854367
94208;33279;1664874161.9429567
222208;33279;1664874164.7762315
190976;33279;1664874164.7762315
587776;33279;1664874164.7762315
458240;33279;1664874164.7762315
61440;33279;1664874164.7762315
65536;33279;1664874164.7918527
61440;33279;1664874164.7918527
224256;33279;1664874164.7918527
196096;33279;1664874164.7918527
99632;33279;1664874160.1621268
47920;33279;1664874160.55266
31536;33279;1664874161.3649685
52528;33279;1664874161.6461525
46384;33279;1664874161.7555008
26928;33279;1664874161.9429567
69936;33279;1664874161.98982
56624;33279;1664874162.0210638
25392;33279;1664874162.0523162
90416;33279;1664874162.3803546
76592;33279;1664874162.3803546
78128;33279;1664874162.395975
71984;33279;1664874162.4584608
78128;33279;1664874163.3176327
77616;33279;1664874163.3644967
198960;33279;1664874258.8987951
69424;33279;1664874163.3957703
42800;33279;1664874163.4113784
82736;33279;1664874163.6613042
82736;33279;1664874163.6613042
53552;33279;1664874163.8175144
64304;33279;1664874163.8175144
146736;33279;1664874163.895622
23344;33279;1664874163.895622
152368;33279;1664874163.895622
2866480;33279;1664874164.854367
94208;33279;1664874161.9429567
222208;33279;1664874164.7762315
190976;33279;1664874164.7762315
587776;33279;1664874164.7762315
458240;33279;1664874164.7762315
61440;33279;1664874164.7762315
65536;33279;1664874164.7918527
61440;33279;1664874164.7918527
224256;33279;1664874164.7918527
196096;33279;1664874164.7918527
541216;33279;1664874159.3185768
3393048;33279;1664874160.224612
1837648;33279;1664874160.6620095
4133400;33279;1664874160.9119496
209944;33279;1664874160.9119496
618528;33279;1664874160.9119496
548896;33279;1664874160.9119496
4150816;33279;1664874160.9119496
179224;33279;1664874160.9744678
348704;33279;1664874160.9744678
294432;33279;1664874160.9744678
4434456;33279;1664874160.9900568
355352;33279;1664874160.9900568
4369944;33279;1664874160.9900568
4844056;33279;1664874161.0057077
157720;33279;1664874161.0057077
2557464;33279;1664874161.0057077
184864;33279;1664874161.0057077
373784;33279;1664874161.0057077
4693024;33279;1664874161.8492293
102944;33279;1664874163.8018935
1166360;33279;1664874163.911243
904216;33279;1664874164.1299403
5798248;33279;1664874161.5836687
1095680;33279;1664874163.5988154
41304;33279;1664874160.6776307
20312;33279;1664874160.708873
276312;33279;1664874160.7244942
102232;33279;1664874160.7401161
276312;33279;1664874160.755772
453464;33279;1664874479.4860177
20312;33279;1664874160.8338442
151384;33279;1664874479.517391
20312;33279;1664874160.8963292
20312;33279;1664874160.9119496
20312;33279;1664874160.9588141
20312;33279;1664874161.0212996
20312;33279;1664874161.786744
20312;33279;1664874161.8179865
20312;33279;1664874161.896094
20312;33279;1664874162.2085469
20312;33279;1664874162.2241404
20312;33279;1664874162.474082
97624;33279;1664874163.5988154
20824;33279;1664874163.7862718
217944;33279;1664874163.895622
20224;33279;1664874159.256091
20224;33279;1664874159.95905
20224;33279;1664874160.6151452
41216;33279;1664874160.6776307
20224;33279;1664874160.6932518
20224;33279;1664874160.708873
20224;33279;1664874160.708873
276224;33279;1664874160.708873
20224;33279;1664874160.7244942
20224;33279;1664874160.7401161
157440;33279;1664874160.7401161
20224;33279;1664874160.7401161
20224;33279;1664874160.7401161
157440;33279;1664874160.7401161
276224;33279;1664874160.755772
453376;33279;1664874160.7713587
20224;33279;1664874160.7869802
20224;33279;1664874160.7869802
20224;33279;1664874160.7869802
20224;33279;1664874160.8026314
20224;33279;1664874160.8026314
20224;33279;1664874160.8182223
20224;33279;1664874160.8338442
20224;33279;1664874160.8338442
20224;33279;1664874160.8494644
20224;33279;1664874160.865087
20224;33279;1664874160.865087
20224;33279;1664874160.865087
20224;33279;1664874160.8807085
20224;33279;1664874160.8807085
197376;33279;1664874160.8807085
20224;33279;1664874160.8963292
20224;33279;1664874160.9119496
20224;33279;1664874160.9588141
20224;33279;1664874161.0212996
20224;33279;1664874161.505589
20224;33279;1664874161.786744
20224;33279;1664874161.8179865
20224;33279;1664874161.896094
20224;33279;1664874162.2085469
20224;33279;1664874162.2085469
20224;33279;1664874162.2241404
20224;33279;1664874162.3803546
20224;33279;1664874162.4584608
20224;33279;1664874162.474082
20736;33279;1664874163.7862718
217856;33279;1664874163.895622
20224;33279;1664874164.8387322
20224;33279;1664874164.8387322
20224;33279;1664874164.854367
41216;33279;1664874160.6776307
20224;33279;1664874160.708873
276224;33279;1664874160.7244942
102144;33279;1664874160.7401161
276224;33279;1664874160.755772
453376;33279;1664874160.7713587
20224;33279;1664874160.8182223
150784;33279;1664874160.8494644
20224;33279;1664874160.8963292
20224;33279;1664874160.9119496
20224;33279;1664874160.9588141
20224;33279;1664874161.0212996
20224;33279;1664874161.786744
20224;33279;1664874161.8336086
20224;33279;1664874161.896094
20224;33279;1664874162.2085469
20224;33279;1664874162.2241404
20224;33279;1664874162.474082
96512;33279;1664874163.5988154
20736;33279;1664874163.7862718
217856;33279;1664874163.895622
158976;33279;1664874161.505589
217344;33279;1664874161.505589
5618432;33279;1664874159.6934886
5578496;33279;1664874159.6934886
2404840;33279;1664874300.184881
3145800;33279;1664874159.3341987
659016;33279;1664874164.2080617
284440;33279;1664874159.8497007
798280;33279;1664874160.8963292
859528;33279;1664874160.9276052
154696;33279;1664874160.9900568
6461000;33279;1664874161.036922
432712;33279;1664874161.3805892
1166408;33279;1664874207.2190073
1057480;33279;1664874160.9276052
1552376;33279;1664874972.5363011
368136;33279;1664874972.3644383
173040;33279;1664874972.411331
401152;33279;1664874966.9670227
297184;33279;1664874159.1311207
3225256;33279;1664874972.8174891
32424;33279;1664874159.193606
50344;33279;1664874159.193606
282904;33279;1664874159.193606
5491880;33279;1664874159.2092273
799792;33279;1664874159.2092273
86688;33279;1664874159.2873337
104160;33279;1664874159.94343
218632;33279;1664874160.0996423
860328;33279;1664874161.099407
34584;33279;1664874972.6456509
18656;33279;1664874163.302013
116960;33279;1664874164.823095
6473384;33279;1664874162.005443
39237288;33279;1664874162.005443
6473384;33279;1664874973.145507
39237288;33279;1664874162.005443
14336;33279;1664874147.4151382
174872;33279;1664874164.7449887
2675480;33279;1664874159.2248495
411928;33279;1664874159.2248495
104160;33279;1664874159.0998778
258784;33279;1664874159.0998778
346211;33279;1664874161.474347
463344;33279;1664874163.0052066
41232;33279;1664874160.6776307
104208;33279;1664874160.6932518
67344;33279;1664874160.6932518
21264;33279;1664874160.6932518
19728;33279;1664874160.6932518
19728;33279;1664874160.6932518
50448;33279;1664874160.708873
19728;33279;1664874160.7244942
19728;33279;1664874160.7401161
19728;33279;1664874160.7401161
50448;33279;1664874160.755772
19728;33279;1664874160.7869802
19728;33279;1664874160.7869802
19728;33279;1664874160.7869802
19728;33279;1664874160.8026314
19728;33279;1664874160.8026314
19728;33279;1664874160.8026314
19728;33279;1664874160.8182223
19728;33279;1664874160.8182223
19728;33279;1664874160.8182223
19728;33279;1664874160.8338442
19728;33279;1664874160.8338442
19728;33279;1664874160.8338442
19728;33279;1664874160.8338442
19728;33279;1664874160.8494644
19728;33279;1664874160.865087
19728;33279;1664874160.865087
19728;33279;1664874160.865087
19728;33279;1664874160.8807085
19728;33279;1664874160.8807085
19728;33279;1664874160.8963292
19728;33279;1664874160.9119496
19728;33279;1664874160.9588141
19728;33279;1664874161.0057077
19728;33279;1664874161.8023872
19728;33279;1664874162.2085469
19728;33279;1664874162.2085469
19728;33279;1664874162.2085469
19728;33279;1664874162.4584608
135952;33279;1664874163.895622
41744;33279;1664874160.6776307
103184;33279;1664874160.6776307
67856;33279;1664874160.6932518
20240;33279;1664874160.6932518
20240;33279;1664874160.6932518
50960;33279;1664874160.708873
20240;33279;1664874160.7244942
20240;33279;1664874160.7401161
20240;33279;1664874160.7401161
50960;33279;1664874160.755772
20240;33279;1664874160.7869802
20240;33279;1664874160.7869802
20240;33279;1664874160.8026314
20240;33279;1664874160.8026314
20240;33279;1664874160.8026314
20240;33279;1664874160.8026314
20240;33279;1664874160.8182223
20240;33279;1664874160.8182223
20240;33279;1664874160.8182223
20240;33279;1664874160.8338442
20240;33279;1664874160.8338442
20240;33279;1664874160.8338442
20240;33279;1664874160.8494644
20240;33279;1664874160.8494644
20240;33279;1664874160.865087
20240;33279;1664874160.865087
20240;33279;1664874160.865087
20240;33279;1664874160.8807085
20240;33279;1664874160.8807085
20240;33279;1664874160.8963292
20240;33279;1664874160.9119496
20240;33279;1664874160.9588141
20240;33279;1664874161.0057077
20240;33279;1664874162.2085469
20240;33279;1664874162.2241404
20240;33279;1664874162.4584608
41832;33279;1664874160.6776307
102248;33279;1664874160.6932518
65896;33279;1664874160.6932518
22376;33279;1664874160.6932518
20328;33279;1664874160.6932518
20840;33279;1664874160.6932518
51048;33279;1664874160.7244942
20840;33279;1664874160.7244942
20840;33279;1664874160.7401161
20840;33279;1664874160.7401161
51048;33279;1664874160.755772
20840;33279;1664874160.7869802
20840;33279;1664874160.7869802
20840;33279;1664874160.8026314
20840;33279;1664874160.8026314
20840;33279;1664874160.8026314
20840;33279;1664874160.8026314
20840;33279;1664874160.8182223
20840;33279;1664874160.8182223
20840;33279;1664874160.8182223
20840;33279;1664874160.8338442
20840;33279;1664874160.8338442
20840;33279;1664874160.8338442
20840;33279;1664874160.8338442
20328;33279;1664874160.8494644
20840;33279;1664874160.865087
20840;33279;1664874160.865087
20840;33279;1664874160.865087
20840;33279;1664874160.8807085
20840;33279;1664874160.8807085
20840;33279;1664874160.8963292
20840;33279;1664874160.9119496
20840;33279;1664874160.9588141
20840;33279;1664874161.0212996
20840;33279;1664874161.8179865
20840;33279;1664874162.2085469
20840;33279;1664874162.2085469
20840;33279;1664874162.2085469
20840;33279;1664874162.4584608
138600;33279;1664874163.895622
st_size883408;st_mode33279;st_atime1664874161.9117143
st_size883408;st_mode33279;st_atime1664874161.9117143
st_size883408;st_mode33279;st_atime1664874161.9117143
st_size883408;st_mode33279;st_atime1664874161.9117143
st_size883408;st_mode33279;st_atime1664874161.9117143
st_size883408;st_mode33279;st_atime1664874161.9117143
st_size883408;st_mode33279;st_atime1664874161.9117143
st_size883408;st_mode33279;st_atime1664874161.9117143
st_size883408;st_mode33279;st_atime1664874161.9117143
st_size883408;st_mode33279;st_atime1664874161.9117143
st_size883408;st_mode33279;st_atime1664874161.9117143
st_size883408;st_mode33279;st_atime1664874161.9117143
st_size883408;st_mode33279;st_atime1664874161.9117143
st_size391152;st_mode33279;st_atime1664874159.2092273
st_size364016;st_mode33279;st_atime1664874159.2092273
st_size312304;st_mode33279;st_atime1664874159.2248495
st_size62976;st_mode33279;st_atime1664874163.692544
st_size99632;st_mode33279;st_atime1664874160.1621268
st_size47920;st_mode33279;st_atime1664874160.55266
st_size31536;st_mode33279;st_atime1664874161.3649685
st_size52528;st_mode33279;st_atime1664874161.6461525
st_size46384;st_mode33279;st_atime1664878576.3348646
st_size26928;st_mode33279;st_atime1664874161.9429567
st_size69936;st_mode33279;st_atime1664874161.98982
st_size56624;st_mode33279;st_atime1664874162.0210638
st_size25392;st_mode33279;st_atime1664874162.0523162
st_size90416;st_mode33279;st_atime1664874162.3803546
st_size76592;st_mode33279;st_atime1664878581.6894925
st_size78128;st_mode33279;st_atime1664874162.395975
st_size71984;st_mode33279;st_atime1664874162.4584608
st_size78128;st_mode33279;st_atime1664874163.3176327
st_size77616;st_mode33279;st_atime1664874163.3644967
st_size198960;st_mode33279;st_atime1664878604.071881
st_size69424;st_mode33279;st_atime1664874163.3957703
st_size42800;st_mode33279;st_atime1664874163.4113784
st_size82736;st_mode33279;st_atime1664874163.6613042
st_size82736;st_mode33279;st_atime1664874163.6613042
st_size53552;st_mode33279;st_atime1664874163.8175144
st_size64304;st_mode33279;st_atime1664874163.8175144
st_size146736;st_mode33279;st_atime1664874163.895622
st_size23344;st_mode33279;st_atime1664874163.895622
st_size152368;st_mode33279;st_atime1664874163.895622
st_size2866480;st_mode33279;st_atime1664874164.854367
st_size94208;st_mode33279;st_atime1664874161.9429567
st_size222208;st_mode33279;st_atime1664874164.7762315
st_size190976;st_mode33279;st_atime1664874164.7762315
st_size587776;st_mode33279;st_atime1664874164.7762315
st_size458240;st_mode33279;st_atime1664874164.7762315
st_size61440;st_mode33279;st_atime1664874164.7762315
st_size65536;st_mode33279;st_atime1664874164.7918527
st_size61440;st_mode33279;st_atime1664874164.7918527
st_size224256;st_mode33279;st_atime1664874164.7918527
st_size196096;st_mode33279;st_atime1664874164.7918527
st_size99632;st_mode33279;st_atime1664874160.1621268
st_size47920;st_mode33279;st_atime1664874160.55266
st_size31536;st_mode33279;st_atime1664874161.3649685
st_size52528;st_mode33279;st_atime1664874161.6461525
st_size46384;st_mode33279;st_atime1664878576.3348646
st_size26928;st_mode33279;st_atime1664874161.9429567
st_size69936;st_mode33279;st_atime1664874161.98982
st_size56624;st_mode33279;st_atime1664874162.0210638
st_size25392;st_mode33279;st_atime1664874162.0523162
st_size90416;st_mode33279;st_atime1664874162.3803546
st_size76592;st_mode33279;st_atime1664878581.6894925
st_size78128;st_mode33279;st_atime1664874162.395975
st_size71984;st_mode33279;st_atime1664874162.4584608
st_size78128;st_mode33279;st_atime1664874163.3176327
st_size77616;st_mode33279;st_atime1664874163.3644967
st_size198960;st_mode33279;st_atime1664878604.071881
st_size69424;st_mode33279;st_atime1664874163.3957703
st_size42800;st_mode33279;st_atime1664874163.4113784
st_size82736;st_mode33279;st_atime1664874163.6613042
st_size82736;st_mode33279;st_atime1664874163.6613042
st_size53552;st_mode33279;st_atime1664874163.8175144
st_size64304;st_mode33279;st_atime1664874163.8175144
st_size146736;st_mode33279;st_atime1664874163.895622
st_size23344;st_mode33279;st_atime1664874163.895622
st_size152368;st_mode33279;st_atime1664874163.895622
st_size2866480;st_mode33279;st_atime1664874164.854367
st_size94208;st_mode33279;st_atime1664874161.9429567
st_size222208;st_mode33279;st_atime1664874164.7762315
st_size190976;st_mode33279;st_atime1664874164.7762315
st_size587776;st_mode33279;st_atime1664874164.7762315
st_size458240;st_mode33279;st_atime1664874164.7762315
st_size61440;st_mode33279;st_atime1664874164.7762315
st_size65536;st_mode33279;st_atime1664874164.7918527
st_size61440;st_mode33279;st_atime1664874164.7918527
st_size224256;st_mode33279;st_atime1664874164.7918527
st_size196096;st_mode33279;st_atime1664874164.7918527
st_size541216;st_mode33279;st_atime1664874159.3185768
st_size3393048;st_mode33279;st_atime1664874160.224612
st_size1837648;st_mode33279;st_atime1664874160.6620095
st_size4133400;st_mode33279;st_atime1664874160.9119496
st_size209944;st_mode33279;st_atime1664874160.9119496
st_size618528;st_mode33279;st_atime1664874160.9119496
st_size548896;st_mode33279;st_atime1664874160.9119496
st_size4150816;st_mode33279;st_atime1664874160.9119496
st_size179224;st_mode33279;st_atime1664874160.9744678
st_size348704;st_mode33279;st_atime1664874160.9744678
st_size294432;st_mode33279;st_atime1664874160.9744678
st_size4434456;st_mode33279;st_atime1664874160.9900568
st_size355352;st_mode33279;st_atime1664874160.9900568
st_size4369944;st_mode33279;st_atime1664874160.9900568
st_size4844056;st_mode33279;st_atime1664874161.0057077
st_size157720;st_mode33279;st_atime1664874161.0057077
st_size2557464;st_mode33279;st_atime1664874161.0057077
st_size184864;st_mode33279;st_atime1664874161.0057077
st_size373784;st_mode33279;st_atime1664874161.0057077
st_size4693024;st_mode33279;st_atime1664874161.8492293
st_size102944;st_mode33279;st_atime1664874163.8018935
st_size1166360;st_mode33279;st_atime1664874163.911243
st_size904216;st_mode33279;st_atime1664874164.1299403
st_size5798248;st_mode33279;st_atime1664874161.5836687
st_size1095680;st_mode33279;st_atime1664874163.5988154
st_size41304;st_mode33279;st_atime1664874160.6776307
st_size20312;st_mode33279;st_atime1664874160.708873
st_size276312;st_mode33279;st_atime1664874160.7244942
st_size102232;st_mode33279;st_atime1664874160.7401161
st_size276312;st_mode33279;st_atime1664874160.755772
st_size453464;st_mode33279;st_atime1664874479.4860177
st_size20312;st_mode33279;st_atime1664874160.8338442
st_size151384;st_mode33279;st_atime1664874479.517391
st_size20312;st_mode33279;st_atime1664874160.8963292
st_size20312;st_mode33279;st_atime1664874160.9119496
st_size20312;st_mode33279;st_atime1664874160.9588141
st_size20312;st_mode33279;st_atime1664874161.0212996
st_size20312;st_mode33279;st_atime1664874161.786744
st_size20312;st_mode33279;st_atime1664874161.8179865
st_size20312;st_mode33279;st_atime1664874161.896094
st_size20312;st_mode33279;st_atime1664874162.2085469
st_size20312;st_mode33279;st_atime1664874162.2241404
st_size20312;st_mode33279;st_atime1664874162.474082
st_size97624;st_mode33279;st_atime1664874163.5988154
st_size20824;st_mode33279;st_atime1664874163.7862718
st_size217944;st_mode33279;st_atime1664874163.895622
st_size20224;st_mode33279;st_atime1664874159.256091
st_size20224;st_mode33279;st_atime1664874159.95905
st_size20224;st_mode33279;st_atime1664874160.6151452
st_size41216;st_mode33279;st_atime1664874160.6776307
st_size20224;st_mode33279;st_atime1664874160.6932518
st_size20224;st_mode33279;st_atime1664874160.708873
st_size20224;st_mode33279;st_atime1664874160.708873
st_size276224;st_mode33279;st_atime1664874160.708873
st_size20224;st_mode33279;st_atime1664874160.7244942
st_size20224;st_mode33279;st_atime1664874160.7401161
st_size157440;st_mode33279;st_atime1664874160.7401161
st_size20224;st_mode33279;st_atime1664874160.7401161
st_size20224;st_mode33279;st_atime1664874160.7401161
st_size157440;st_mode33279;st_atime1664874160.7401161
st_size276224;st_mode33279;st_atime1664874160.755772
st_size453376;st_mode33279;st_atime1664874160.7713587
st_size20224;st_mode33279;st_atime1664874160.7869802
st_size20224;st_mode33279;st_atime1664874160.7869802
st_size20224;st_mode33279;st_atime1664874160.7869802
st_size20224;st_mode33279;st_atime1664874160.8026314
st_size20224;st_mode33279;st_atime1664874160.8026314
st_size20224;st_mode33279;st_atime1664874160.8182223
st_size20224;st_mode33279;st_atime1664874160.8338442
st_size20224;st_mode33279;st_atime1664874160.8338442
st_size20224;st_mode33279;st_atime1664874160.8494644
st_size20224;st_mode33279;st_atime1664874160.865087
st_size20224;st_mode33279;st_atime1664874160.865087
st_size20224;st_mode33279;st_atime1664874160.865087
st_size20224;st_mode33279;st_atime1664874160.8807085
st_size20224;st_mode33279;st_atime1664874160.8807085
st_size197376;st_mode33279;st_atime1664874160.8807085
st_size20224;st_mode33279;st_atime1664874160.8963292
st_size20224;st_mode33279;st_atime1664874160.9119496
st_size20224;st_mode33279;st_atime1664874160.9588141
st_size20224;st_mode33279;st_atime1664874161.0212996
st_size20224;st_mode33279;st_atime1664874161.505589
st_size20224;st_mode33279;st_atime1664874161.786744
st_size20224;st_mode33279;st_atime1664874161.8179865
st_size20224;st_mode33279;st_atime1664874161.896094
st_size20224;st_mode33279;st_atime1664874162.2085469
st_size20224;st_mode33279;st_atime1664874162.2085469
st_size20224;st_mode33279;st_atime1664874162.2241404
st_size20224;st_mode33279;st_atime1664874162.3803546
st_size20224;st_mode33279;st_atime1664874162.4584608
st_size20224;st_mode33279;st_atime1664874162.474082
st_size20736;st_mode33279;st_atime1664874163.7862718
st_size217856;st_mode33279;st_atime1664874163.895622
st_size20224;st_mode33279;st_atime1664874164.8387322
st_size20224;st_mode33279;st_atime1664874164.8387322
st_size20224;st_mode33279;st_atime1664874164.854367
st_size41216;st_mode33279;st_atime1664874160.6776307
st_size20224;st_mode33279;st_atime1664874160.708873
st_size276224;st_mode33279;st_atime1664874160.7244942
st_size102144;st_mode33279;st_atime1664874160.7401161
st_size276224;st_mode33279;st_atime1664874160.755772
st_size453376;st_mode33279;st_atime1664874160.7713587
st_size20224;st_mode33279;st_atime1664874160.8182223
st_size150784;st_mode33279;st_atime1664874160.8494644
st_size20224;st_mode33279;st_atime1664874160.8963292
st_size20224;st_mode33279;st_atime1664874160.9119496
st_size20224;st_mode33279;st_atime1664874160.9588141
st_size20224;st_mode33279;st_atime1664874161.0212996
st_size20224;st_mode33279;st_atime1664874161.786744
st_size20224;st_mode33279;st_atime1664874161.8336086
st_size20224;st_mode33279;st_atime1664874161.896094
st_size20224;st_mode33279;st_atime1664874162.2085469
st_size20224;st_mode33279;st_atime1664874162.2241404
st_size20224;st_mode33279;st_atime1664874162.474082
st_size96512;st_mode33279;st_atime1664874163.5988154
st_size20736;st_mode33279;st_atime1664874163.7862718
st_size217856;st_mode33279;st_atime1664874163.895622
st_size158976;st_mode33279;st_atime1664874161.505589
st_size217344;st_mode33279;st_atime1664874161.505589
st_size5618432;st_mode33279;st_atime1664874159.6934886
st_size5578496;st_mode33279;st_atime1664874159.6934886
st_size2404840;st_mode33279;st_atime1664874300.184881
st_size3145800;st_mode33279;st_atime1664874159.3341987
st_size659016;st_mode33279;st_atime1664874164.2080617
st_size284440;st_mode33279;st_atime1664874159.8497007
st_size798280;st_mode33279;st_atime1664874160.8963292
st_size859528;st_mode33279;st_atime1664874160.9276052
st_size154696;st_mode33279;st_atime1664874160.9900568
st_size6461000;st_mode33279;st_atime1664874161.036922
st_size432712;st_mode33279;st_atime1664874161.3805892
st_size1166408;st_mode33279;st_atime1664874207.2190073
st_size1057480;st_mode33279;st_atime1664874160.9276052
st_size1552376;st_mode33279;st_atime1664874972.5363011
st_size368136;st_mode33279;st_atime1664874972.3644383
st_size173040;st_mode33279;st_atime1664874972.411331
st_size401152;st_mode33279;st_atime1664874966.9670227
st_size297184;st_mode33279;st_atime1664874159.1311207
st_size3225256;st_mode33279;st_atime1664874972.8174891
st_size32424;st_mode33279;st_atime1664874159.193606
st_size50344;st_mode33279;st_atime1664874159.193606
st_size282904;st_mode33279;st_atime1664874159.193606
st_size5491880;st_mode33279;st_atime1664874159.2092273
st_size799792;st_mode33279;st_atime1664874159.2092273
st_size86688;st_mode33279;st_atime1664874159.2873337
st_size104160;st_mode33279;st_atime1664874159.94343
st_size218632;st_mode33279;st_atime1664874160.0996423
st_size860328;st_mode33279;st_atime1664874161.099407
st_size34584;st_mode33279;st_atime1664874972.6456509
st_size18656;st_mode33279;st_atime1664874163.302013
st_size116960;st_mode33279;st_atime1664874164.823095
st_size6473384;st_mode33279;st_atime1664874162.005443
st_size39237288;st_mode33279;st_atime1664874162.005443
st_size6473384;st_mode33279;st_atime1664874973.145507
st_size39237288;st_mode33279;st_atime1664874162.005443
st_size14336;st_mode33279;st_atime1664874147.4151382
st_size174872;st_mode33279;st_atime1664874164.7449887
st_size2675480;st_mode33279;st_atime1664874159.2248495
st_size411928;st_mode33279;st_atime1664874159.2248495
st_size104160;st_mode33279;st_atime1664874159.0998778
st_size258784;st_mode33279;st_atime1664874159.0998778
st_size346211;st_mode33279;st_atime1664874161.474347
st_size463344;st_mode33279;st_atime1664874163.0052066
st_size41232;st_mode33279;st_atime1664874160.6776307
st_size104208;st_mode33279;st_atime1664874160.6932518
st_size67344;st_mode33279;st_atime1664874160.6932518
st_size21264;st_mode33279;st_atime1664874160.6932518
st_size19728;st_mode33279;st_atime1664874160.6932518
st_size19728;st_mode33279;st_atime1664874160.6932518
st_size50448;st_mode33279;st_atime1664874160.708873
st_size19728;st_mode33279;st_atime1664874160.7244942
st_size19728;st_mode33279;st_atime1664874160.7401161
st_size19728;st_mode33279;st_atime1664874160.7401161
st_size50448;st_mode33279;st_atime1664874160.755772
st_size19728;st_mode33279;st_atime1664874160.7869802
st_size19728;st_mode33279;st_atime1664874160.7869802
st_size19728;st_mode33279;st_atime1664874160.7869802
st_size19728;st_mode33279;st_atime1664874160.8026314
st_size19728;st_mode33279;st_atime1664874160.8026314
st_size19728;st_mode33279;st_atime1664874160.8026314
st_size19728;st_mode33279;st_atime1664874160.8182223
st_size19728;st_mode33279;st_atime1664874160.8182223
st_size19728;st_mode33279;st_atime1664874160.8182223
st_size19728;st_mode33279;st_atime1664874160.8338442
st_size19728;st_mode33279;st_atime1664874160.8338442
st_size19728;st_mode33279;st_atime1664874160.8338442
st_size19728;st_mode33279;st_atime1664874160.8338442
st_size19728;st_mode33279;st_atime1664874160.8494644
st_size19728;st_mode33279;st_atime1664874160.865087
st_size19728;st_mode33279;st_atime1664874160.865087
st_size19728;st_mode33279;st_atime1664874160.865087
st_size19728;st_mode33279;st_atime1664874160.8807085
st_size19728;st_mode33279;st_atime1664874160.8807085
st_size19728;st_mode33279;st_atime1664874160.8963292
st_size19728;st_mode33279;st_atime1664874160.9119496
st_size19728;st_mode33279;st_atime1664874160.9588141
st_size19728;st_mode33279;st_atime1664874161.0057077
st_size19728;st_mode33279;st_atime1664874161.8023872
st_size19728;st_mode33279;st_atime1664874162.2085469
st_size19728;st_mode33279;st_atime1664874162.2085469
st_size19728;st_mode33279;st_atime1664874162.2085469
st_size19728;st_mode33279;st_atime1664874162.4584608
st_size135952;st_mode33279;st_atime1664874163.895622
st_size41744;st_mode33279;st_atime1664874160.6776307
st_size103184;st_mode33279;st_atime1664874160.6776307
st_size67856;st_mode33279;st_atime1664874160.6932518
st_size20240;st_mode33279;st_atime1664874160.6932518
st_size20240;st_mode33279;st_atime1664874160.6932518
st_size50960;st_mode33279;st_atime1664874160.708873
st_size20240;st_mode33279;st_atime1664874160.7244942
st_size20240;st_mode33279;st_atime1664874160.7401161
st_size20240;st_mode33279;st_atime1664874160.7401161
st_size50960;st_mode33279;st_atime1664874160.755772
st_size20240;st_mode33279;st_atime1664874160.7869802
st_size20240;st_mode33279;st_atime1664874160.7869802
st_size20240;st_mode33279;st_atime1664874160.8026314
st_size20240;st_mode33279;st_atime1664874160.8026314
st_size20240;st_mode33279;st_atime1664874160.8026314
st_size20240;st_mode33279;st_atime1664874160.8026314
st_size20240;st_mode33279;st_atime1664874160.8182223
st_size20240;st_mode33279;st_atime1664874160.8182223
st_size20240;st_mode33279;st_atime1664874160.8182223
st_size20240;st_mode33279;st_atime1664874160.8338442
st_size20240;st_mode33279;st_atime1664874160.8338442
st_size20240;st_mode33279;st_atime1664874160.8338442
st_size20240;st_mode33279;st_atime1664874160.8494644
st_size20240;st_mode33279;st_atime1664874160.8494644
st_size20240;st_mode33279;st_atime1664874160.865087
st_size20240;st_mode33279;st_atime1664874160.865087
st_size20240;st_mode33279;st_atime1664874160.865087
st_size20240;st_mode33279;st_atime1664874160.8807085
st_size20240;st_mode33279;st_atime1664874160.8807085
st_size20240;st_mode33279;st_atime1664874160.8963292
st_size20240;st_mode33279;st_atime1664874160.9119496
st_size20240;st_mode33279;st_atime1664874160.9588141
st_size20240;st_mode33279;st_atime1664874161.0057077
st_size20240;st_mode33279;st_atime1664874162.2085469
st_size20240;st_mode33279;st_atime1664874162.2241404
st_size20240;st_mode33279;st_atime1664874162.4584608
st_size41832;st_mode33279;st_atime1664874160.6776307
st_size102248;st_mode33279;st_atime1664874160.6932518
st_size65896;st_mode33279;st_atime1664874160.6932518
st_size22376;st_mode33279;st_atime1664874160.6932518
st_size20328;st_mode33279;st_atime1664874160.6932518
st_size20840;st_mode33279;st_atime1664874160.6932518
st_size51048;st_mode33279;st_atime1664874160.7244942
st_size20840;st_mode33279;st_atime1664874160.7244942
st_size20840;st_mode33279;st_atime1664874160.7401161
st_size20840;st_mode33279;st_atime1664874160.7401161
st_size51048;st_mode33279;st_atime1664874160.755772
st_size20840;st_mode33279;st_atime1664874160.7869802
st_size20840;st_mode33279;st_atime1664874160.7869802
st_size20840;st_mode33279;st_atime1664874160.8026314
st_size20840;st_mode33279;st_atime1664874160.8026314
st_size20840;st_mode33279;st_atime1664874160.8026314
st_size20840;st_mode33279;st_atime1664874160.8026314
st_size20840;st_mode33279;st_atime1664874160.8182223
st_size20840;st_mode33279;st_atime1664874160.8182223
st_size20840;st_mode33279;st_atime1664874160.8182223
st_size20840;st_mode33279;st_atime1664874160.8338442
st_size20840;st_mode33279;st_atime1664874160.8338442
st_size20840;st_mode33279;st_atime1664874160.8338442
st_size20840;st_mode33279;st_atime1664874160.8338442
st_size20328;st_mode33279;st_atime1664874160.8494644
st_size20840;st_mode33279;st_atime1664874160.865087
st_size20840;st_mode33279;st_atime1664874160.865087
st_size20840;st_mode33279;st_atime1664874160.865087
st_size20840;st_mode33279;st_atime1664874160.8807085
st_size20840;st_mode33279;st_atime1664874160.8807085
st_size20840;st_mode33279;st_atime1664874160.8963292
st_size20840;st_mode33279;st_atime1664874160.9119496
st_size20840;st_mode33279;st_atime1664874160.9588141
st_size20840;st_mode33279;st_atime1664874161.0212996
st_size20840;st_mode33279;st_atime1664874161.8179865
st_size20840;st_mode33279;st_atime1664874162.2085469
st_size20840;st_mode33279;st_atime1664874162.2085469
st_size20840;st_mode33279;st_atime1664874162.2085469
st_size20840;st_mode33279;st_atime1664874162.4584608
st_size138600;st_mode33279;st_atime1664874163.895622
st_size883408;st_mode33279;st_atime1664874161.9117143
st_size883408;st_mode33279;st_atime1664874161.9117143
st_size883408;st_mode33279;st_atime1664874161.9117143
st_size883408;st_mode33279;st_atime1664874161.9117143
st_size883408;st_mode33279;st_atime1664874161.9117143
st_size883408;st_mode33279;st_atime1664874161.9117143
st_size883408;st_mode33279;st_atime1664874161.9117143
st_size883408;st_mode33279;st_atime1664874161.9117143
st_size883408;st_mode33279;st_atime1664874161.9117143
st_size883408;st_mode33279;st_atime1664874161.9117143
st_size883408;st_mode33279;st_atime1664874161.9117143
st_size883408;st_mode33279;st_atime1664874161.9117143
st_size883408;st_mode33279;st_atime1664874161.9117143
st_size391152;st_mode33279;st_atime1664874159.2092273
st_size364016;st_mode33279;st_atime1664874159.2092273
st_size312304;st_mode33279;st_atime1664874159.2248495
st_size62976;st_mode33279;st_atime1664874163.692544
st_size99632;st_mode33279;st_atime1664874160.1621268
st_size47920;st_mode33279;st_atime1664874160.55266
st_size31536;st_mode33279;st_atime1664874161.3649685
st_size52528;st_mode33279;st_atime1664874161.6461525
st_size46384;st_mode33279;st_atime1664878576.3348646
st_size26928;st_mode33279;st_atime1664874161.9429567
st_size69936;st_mode33279;st_atime1664874161.98982
st_size56624;st_mode33279;st_atime1664874162.0210638
st_size25392;st_mode33279;st_atime1664874162.0523162
st_size90416;st_mode33279;st_atime1664874162.3803546
st_size76592;st_mode33279;st_atime1664878581.6894925
st_size78128;st_mode33279;st_atime1664874162.395975
st_size71984;st_mode33279;st_atime1664874162.4584608
st_size78128;st_mode33279;st_atime1664874163.3176327
st_size77616;st_mode33279;st_atime1664874163.3644967
st_size198960;st_mode33279;st_atime1664878604.071881
st_size69424;st_mode33279;st_atime1664874163.3957703
st_size42800;st_mode33279;st_atime1664874163.4113784
st_size82736;st_mode33279;st_atime1664874163.6613042
st_size82736;st_mode33279;st_atime1664874163.6613042
st_size53552;st_mode33279;st_atime1664874163.8175144
st_size64304;st_mode33279;st_atime1664874163.8175144
st_size146736;st_mode33279;st_atime1664874163.895622
st_size23344;st_mode33279;st_atime1664874163.895622
st_size152368;st_mode33279;st_atime1664874163.895622
st_size2866480;st_mode33279;st_atime1664874164.854367
st_size94208;st_mode33279;st_atime1664874161.9429567
st_size222208;st_mode33279;st_atime1664874164.7762315
st_size190976;st_mode33279;st_atime1664874164.7762315
st_size587776;st_mode33279;st_atime1664874164.7762315
st_size458240;st_mode33279;st_atime1664874164.7762315
st_size61440;st_mode33279;st_atime1664874164.7762315
st_size65536;st_mode33279;st_atime1664874164.7918527
st_size61440;st_mode33279;st_atime1664874164.7918527
st_size224256;st_mode33279;st_atime1664874164.7918527
st_size196096;st_mode33279;st_atime1664874164.7918527
st_size99632;st_mode33279;st_atime1664874160.1621268
st_size47920;st_mode33279;st_atime1664874160.55266
st_size31536;st_mode33279;st_atime1664874161.3649685
st_size52528;st_mode33279;st_atime1664874161.6461525
st_size46384;st_mode33279;st_atime1664878576.3348646
st_size26928;st_mode33279;st_atime1664874161.9429567
st_size69936;st_mode33279;st_atime1664874161.98982
st_size56624;st_mode33279;st_atime1664874162.0210638
st_size25392;st_mode33279;st_atime1664874162.0523162
st_size90416;st_mode33279;st_atime1664874162.3803546
st_size76592;st_mode33279;st_atime1664878581.6894925
st_size78128;st_mode33279;st_atime1664874162.395975
st_size71984;st_mode33279;st_atime1664874162.4584608
st_size78128;st_mode33279;st_atime1664874163.3176327
st_size77616;st_mode33279;st_atime1664874163.3644967
st_size198960;st_mode33279;st_atime1664878604.071881
st_size69424;st_mode33279;st_atime1664874163.3957703
st_size42800;st_mode33279;st_atime1664874163.4113784
st_size82736;st_mode33279;st_atime1664874163.6613042
st_size82736;st_mode33279;st_atime1664874163.6613042
st_size53552;st_mode33279;st_atime1664874163.8175144
st_size64304;st_mode33279;st_atime1664874163.8175144
st_size146736;st_mode33279;st_atime1664874163.895622
st_size23344;st_mode33279;st_atime1664874163.895622
st_size152368;st_mode33279;st_atime1664874163.895622
st_size2866480;st_mode33279;st_atime1664874164.854367
st_size94208;st_mode33279;st_atime1664874161.9429567
st_size222208;st_mode33279;st_atime1664874164.7762315
st_size190976;st_mode33279;st_atime1664874164.7762315
st_size587776;st_mode33279;st_atime1664874164.7762315
st_size458240;st_mode33279;st_atime1664874164.7762315
st_size61440;st_mode33279;st_atime1664874164.7762315
st_size65536;st_mode33279;st_atime1664874164.7918527
st_size61440;st_mode33279;st_atime1664874164.7918527
st_size224256;st_mode33279;st_atime1664874164.7918527
st_size196096;st_mode33279;st_atime1664874164.7918527
st_size541216;st_mode33279;st_atime1664874159.3185768
st_size3393048;st_mode33279;st_atime1664874160.224612
st_size1837648;st_mode33279;st_atime1664874160.6620095
st_size4133400;st_mode33279;st_atime1664874160.9119496
st_size209944;st_mode33279;st_atime1664874160.9119496
st_size618528;st_mode33279;st_atime1664874160.9119496
st_size548896;st_mode33279;st_atime1664874160.9119496
st_size4150816;st_mode33279;st_atime1664874160.9119496
st_size179224;st_mode33279;st_atime1664874160.9744678
st_size348704;st_mode33279;st_atime1664874160.9744678
st_size294432;st_mode33279;st_atime1664874160.9744678
st_size4434456;st_mode33279;st_atime1664874160.9900568
st_size355352;st_mode33279;st_atime1664874160.9900568
st_size4369944;st_mode33279;st_atime1664874160.9900568
st_size4844056;st_mode33279;st_atime1664874161.0057077
st_size157720;st_mode33279;st_atime1664874161.0057077
st_size2557464;st_mode33279;st_atime1664874161.0057077
st_size184864;st_mode33279;st_atime1664874161.0057077
st_size373784;st_mode33279;st_atime1664874161.0057077
st_size4693024;st_mode33279;st_atime1664874161.8492293
st_size102944;st_mode33279;st_atime1664874163.8018935
st_size1166360;st_mode33279;st_atime1664874163.911243
st_size904216;st_mode33279;st_atime1664874164.1299403
st_size5798248;st_mode33279;st_atime1664874161.5836687
st_size1095680;st_mode33279;st_atime1664874163.5988154
st_size41304;st_mode33279;st_atime1664874160.6776307
st_size20312;st_mode33279;st_atime1664874160.708873
st_size276312;st_mode33279;st_atime1664874160.7244942
st_size102232;st_mode33279;st_atime1664874160.7401161
st_size276312;st_mode33279;st_atime1664874160.755772
st_size453464;st_mode33279;st_atime1664874479.4860177
st_size20312;st_mode33279;st_atime1664874160.8338442
st_size151384;st_mode33279;st_atime1664874479.517391
st_size20312;st_mode33279;st_atime1664874160.8963292
st_size20312;st_mode33279;st_atime1664874160.9119496
st_size20312;st_mode33279;st_atime1664874160.9588141
st_size20312;st_mode33279;st_atime1664874161.0212996
st_size20312;st_mode33279;st_atime1664874161.786744
st_size20312;st_mode33279;st_atime1664874161.8179865
st_size20312;st_mode33279;st_atime1664874161.896094
st_size20312;st_mode33279;st_atime1664874162.2085469
st_size20312;st_mode33279;st_atime1664874162.2241404
st_size20312;st_mode33279;st_atime1664874162.474082
st_size97624;st_mode33279;st_atime1664874163.5988154
st_size20824;st_mode33279;st_atime1664874163.7862718
st_size217944;st_mode33279;st_atime1664874163.895622
st_size20224;st_mode33279;st_atime1664874159.256091
st_size20224;st_mode33279;st_atime1664874159.95905
st_size20224;st_mode33279;st_atime1664874160.6151452
st_size41216;st_mode33279;st_atime1664874160.6776307
st_size20224;st_mode33279;st_atime1664874160.6932518
st_size20224;st_mode33279;st_atime1664874160.708873
st_size20224;st_mode33279;st_atime1664874160.708873
st_size276224;st_mode33279;st_atime1664874160.708873
st_size20224;st_mode33279;st_atime1664874160.7244942
st_size20224;st_mode33279;st_atime1664874160.7401161
st_size157440;st_mode33279;st_atime1664874160.7401161
st_size20224;st_mode33279;st_atime1664874160.7401161
st_size20224;st_mode33279;st_atime1664874160.7401161
st_size157440;st_mode33279;st_atime1664874160.7401161
st_size276224;st_mode33279;st_atime1664874160.755772
st_size453376;st_mode33279;st_atime1664874160.7713587
st_size20224;st_mode33279;st_atime1664874160.7869802
st_size20224;st_mode33279;st_atime1664874160.7869802
st_size20224;st_mode33279;st_atime1664874160.7869802
st_size20224;st_mode33279;st_atime1664874160.8026314
st_size20224;st_mode33279;st_atime1664874160.8026314
st_size20224;st_mode33279;st_atime1664874160.8182223
st_size20224;st_mode33279;st_atime1664874160.8338442
st_size20224;st_mode33279;st_atime1664874160.8338442
st_size20224;st_mode33279;st_atime1664874160.8494644
st_size20224;st_mode33279;st_atime1664874160.865087
st_size20224;st_mode33279;st_atime1664874160.865087
st_size20224;st_mode33279;st_atime1664874160.865087
st_size20224;st_mode33279;st_atime1664874160.8807085
st_size20224;st_mode33279;st_atime1664874160.8807085
st_size197376;st_mode33279;st_atime1664874160.8807085
st_size20224;st_mode33279;st_atime1664874160.8963292
st_size20224;st_mode33279;st_atime1664874160.9119496
st_size20224;st_mode33279;st_atime1664874160.9588141
st_size20224;st_mode33279;st_atime1664874161.0212996
st_size20224;st_mode33279;st_atime1664874161.505589
st_size20224;st_mode33279;st_atime1664874161.786744
st_size20224;st_mode33279;st_atime1664874161.8179865
st_size20224;st_mode33279;st_atime1664874161.896094
st_size20224;st_mode33279;st_atime1664874162.2085469
st_size20224;st_mode33279;st_atime1664874162.2085469
st_size20224;st_mode33279;st_atime1664874162.2241404
st_size20224;st_mode33279;st_atime1664874162.3803546
st_size20224;st_mode33279;st_atime1664874162.4584608
st_size20224;st_mode33279;st_atime1664874162.474082
st_size20736;st_mode33279;st_atime1664874163.7862718
st_size217856;st_mode33279;st_atime1664874163.895622
st_size20224;st_mode33279;st_atime1664874164.8387322
st_size20224;st_mode33279;st_atime1664874164.8387322
st_size20224;st_mode33279;st_atime1664874164.854367
st_size41216;st_mode33279;st_atime1664874160.6776307
st_size20224;st_mode33279;st_atime1664874160.708873
st_size276224;st_mode33279;st_atime1664874160.7244942
st_size102144;st_mode33279;st_atime1664874160.7401161
st_size276224;st_mode33279;st_atime1664874160.755772
st_size453376;st_mode33279;st_atime1664874160.7713587
st_size20224;st_mode33279;st_atime1664874160.8182223
st_size150784;st_mode33279;st_atime1664874160.8494644
st_size20224;st_mode33279;st_atime1664874160.8963292
st_size20224;st_mode33279;st_atime1664874160.9119496
st_size20224;st_mode33279;st_atime1664874160.9588141
st_size20224;st_mode33279;st_atime1664874161.0212996
st_size20224;st_mode33279;st_atime1664874161.786744
st_size20224;st_mode33279;st_atime1664874161.8336086
st_size20224;st_mode33279;st_atime1664874161.896094
st_size20224;st_mode33279;st_atime1664874162.2085469
st_size20224;st_mode33279;st_atime1664874162.2241404
st_size20224;st_mode33279;st_atime1664874162.474082
st_size96512;st_mode33279;st_atime1664874163.5988154
st_size20736;st_mode33279;st_atime1664874163.7862718
st_size217856;st_mode33279;st_atime1664874163.895622
st_size158976;st_mode33279;st_atime1664874161.505589
st_size217344;st_mode33279;st_atime1664874161.505589
st_size5618432;st_mode33279;st_atime1664874159.6934886
st_size5578496;st_mode33279;st_atime1664874159.6934886
st_size2404840;st_mode33279;st_atime1664874300.184881
st_size3145800;st_mode33279;st_atime1664874159.3341987
st_size659016;st_mode33279;st_atime1664874164.2080617
st_size284440;st_mode33279;st_atime1664874159.8497007
st_size798280;st_mode33279;st_atime1664874160.8963292
st_size859528;st_mode33279;st_atime1664874160.9276052
st_size154696;st_mode33279;st_atime1664874160.9900568
st_size6461000;st_mode33279;st_atime1664874161.036922
st_size432712;st_mode33279;st_atime1664874161.3805892
st_size1166408;st_mode33279;st_atime1664874207.2190073
st_size1057480;st_mode33279;st_atime1664874160.9276052
st_size1552376;st_mode33279;st_atime1664874972.5363011
st_size368136;st_mode33279;st_atime1664874972.3644383
st_size173040;st_mode33279;st_atime1664874972.411331
st_size401152;st_mode33279;st_atime1664874966.9670227
st_size297184;st_mode33279;st_atime1664874159.1311207
st_size3225256;st_mode33279;st_atime1664874972.8174891
st_size32424;st_mode33279;st_atime1664874159.193606
st_size50344;st_mode33279;st_atime1664874159.193606
st_size282904;st_mode33279;st_atime1664874159.193606
st_size5491880;st_mode33279;st_atime1664874159.2092273
st_size799792;st_mode33279;st_atime1664874159.2092273
st_size86688;st_mode33279;st_atime1664874159.2873337
st_size104160;st_mode33279;st_atime1664874159.94343
st_size218632;st_mode33279;st_atime1664874160.0996423
st_size860328;st_mode33279;st_atime1664874161.099407
st_size34584;st_mode33279;st_atime1664874972.6456509
st_size18656;st_mode33279;st_atime1664874163.302013
st_size116960;st_mode33279;st_atime1664874164.823095
st_size6473384;st_mode33279;st_atime1664874162.005443
st_size39237288;st_mode33279;st_atime1664874162.005443
st_size6473384;st_mode33279;st_atime1664874973.145507
st_size39237288;st_mode33279;st_atime1664874162.005443
st_size14336;st_mode33279;st_atime1664874147.4151382
st_size174872;st_mode33279;st_atime1664874164.7449887
st_size2675480;st_mode33279;st_atime1664874159.2248495
st_size411928;st_mode33279;st_atime1664874159.2248495
st_size104160;st_mode33279;st_atime1664874159.0998778
st_size258784;st_mode33279;st_atime1664874159.0998778
st_size346211;st_mode33279;st_atime1664874161.474347
st_size463344;st_mode33279;st_atime1664874163.0052066
st_size41232;st_mode33279;st_atime1664874160.6776307
st_size104208;st_mode33279;st_atime1664874160.6932518
st_size67344;st_mode33279;st_atime1664874160.6932518
st_size21264;st_mode33279;st_atime1664874160.6932518
st_size19728;st_mode33279;st_atime1664874160.6932518
st_size19728;st_mode33279;st_atime1664874160.6932518
st_size50448;st_mode33279;st_atime1664874160.708873
st_size19728;st_mode33279;st_atime1664874160.7244942
st_size19728;st_mode33279;st_atime1664874160.7401161
st_size19728;st_mode33279;st_atime1664874160.7401161
st_size50448;st_mode33279;st_atime1664874160.755772
st_size19728;st_mode33279;st_atime1664874160.7869802
st_size19728;st_mode33279;st_atime1664874160.7869802
st_size19728;st_mode33279;st_atime1664874160.7869802
st_size19728;st_mode33279;st_atime1664874160.8026314
st_size19728;st_mode33279;st_atime1664874160.8026314
st_size19728;st_mode33279;st_atime1664874160.8026314
st_size19728;st_mode33279;st_atime1664874160.8182223
st_size19728;st_mode33279;st_atime1664874160.8182223
st_size19728;st_mode33279;st_atime1664874160.8182223
st_size19728;st_mode33279;st_atime1664874160.8338442
st_size19728;st_mode33279;st_atime1664874160.8338442
st_size19728;st_mode33279;st_atime1664874160.8338442
st_size19728;st_mode33279;st_atime1664874160.8338442
st_size19728;st_mode33279;st_atime1664874160.8494644
st_size19728;st_mode33279;st_atime1664874160.865087
st_size19728;st_mode33279;st_atime1664874160.865087
st_size19728;st_mode33279;st_atime1664874160.865087
st_size19728;st_mode33279;st_atime1664874160.8807085
st_size19728;st_mode33279;st_atime1664874160.8807085
st_size19728;st_mode33279;st_atime1664874160.8963292
st_size19728;st_mode33279;st_atime1664874160.9119496
st_size19728;st_mode33279;st_atime1664874160.9588141
st_size19728;st_mode33279;st_atime1664874161.0057077
st_size19728;st_mode33279;st_atime1664874161.8023872
st_size19728;st_mode33279;st_atime1664874162.2085469
st_size19728;st_mode33279;st_atime1664874162.2085469
st_size19728;st_mode33279;st_atime1664874162.2085469
st_size19728;st_mode33279;st_atime1664874162.4584608
st_size135952;st_mode33279;st_atime1664874163.895622
st_size41744;st_mode33279;st_atime1664874160.6776307
st_size103184;st_mode33279;st_atime1664874160.6776307
st_size67856;st_mode33279;st_atime1664874160.6932518
st_size20240;st_mode33279;st_atime1664874160.6932518
st_size20240;st_mode33279;st_atime1664874160.6932518
st_size50960;st_mode33279;st_atime1664874160.708873
st_size20240;st_mode33279;st_atime1664874160.7244942
st_size20240;st_mode33279;st_atime1664874160.7401161
st_size20240;st_mode33279;st_atime1664874160.7401161
st_size50960;st_mode33279;st_atime1664874160.755772
st_size20240;st_mode33279;st_atime1664874160.7869802
st_size20240;st_mode33279;st_atime1664874160.7869802
st_size20240;st_mode33279;st_atime1664874160.8026314
st_size20240;st_mode33279;st_atime1664874160.8026314
st_size20240;st_mode33279;st_atime1664874160.8026314
st_size20240;st_mode33279;st_atime1664874160.8026314
st_size20240;st_mode33279;st_atime1664874160.8182223
st_size20240;st_mode33279;st_atime1664874160.8182223
st_size20240;st_mode33279;st_atime1664874160.8182223
st_size20240;st_mode33279;st_atime1664874160.8338442
st_size20240;st_mode33279;st_atime1664874160.8338442
st_size20240;st_mode33279;st_atime1664874160.8338442
st_size20240;st_mode33279;st_atime1664874160.8494644
st_size20240;st_mode33279;st_atime1664874160.8494644
st_size20240;st_mode33279;st_atime1664874160.865087
st_size20240;st_mode33279;st_atime1664874160.865087
st_size20240;st_mode33279;st_atime1664874160.865087
st_size20240;st_mode33279;st_atime1664874160.8807085
st_size20240;st_mode33279;st_atime1664874160.8807085
st_size20240;st_mode33279;st_atime1664874160.8963292
st_size20240;st_mode33279;st_atime1664874160.9119496
st_size20240;st_mode33279;st_atime1664874160.9588141
st_size20240;st_mode33279;st_atime1664874161.0057077
st_size20240;st_mode33279;st_atime1664874162.2085469
st_size20240;st_mode33279;st_atime1664874162.2241404
st_size20240;st_mode33279;st_atime1664874162.4584608
st_size41832;st_mode33279;st_atime1664874160.6776307
st_size102248;st_mode33279;st_atime1664874160.6932518
st_size65896;st_mode33279;st_atime1664874160.6932518
st_size22376;st_mode33279;st_atime1664874160.6932518
st_size20328;st_mode33279;st_atime1664874160.6932518
st_size20840;st_mode33279;st_atime1664874160.6932518
st_size51048;st_mode33279;st_atime1664874160.7244942
st_size20840;st_mode33279;st_atime1664874160.7244942
st_size20840;st_mode33279;st_atime1664874160.7401161
st_size20840;st_mode33279;st_atime1664874160.7401161
st_size51048;st_mode33279;st_atime1664874160.755772
st_size20840;st_mode33279;st_atime1664874160.7869802
st_size20840;st_mode33279;st_atime1664874160.7869802
st_size20840;st_mode33279;st_atime1664874160.8026314
st_size20840;st_mode33279;st_atime1664874160.8026314
st_size20840;st_mode33279;st_atime1664874160.8026314
st_size20840;st_mode33279;st_atime1664874160.8026314
st_size20840;st_mode33279;st_atime1664874160.8182223
st_size20840;st_mode33279;st_atime1664874160.8182223
st_size20840;st_mode33279;st_atime1664874160.8182223
st_size20840;st_mode33279;st_atime1664874160.8338442
st_size20840;st_mode33279;st_atime1664874160.8338442
st_size20840;st_mode33279;st_atime1664874160.8338442
st_size20840;st_mode33279;st_atime1664874160.8338442
st_size20328;st_mode33279;st_atime1664874160.8494644
st_size20840;st_mode33279;st_atime1664874160.865087
st_size20840;st_mode33279;st_atime1664874160.865087
st_size20840;st_mode33279;st_atime1664874160.865087
st_size20840;st_mode33279;st_atime1664874160.8807085
st_size20840;st_mode33279;st_atime1664874160.8807085
st_size20840;st_mode33279;st_atime1664874160.8963292
st_size20840;st_mode33279;st_atime1664874160.9119496
st_size20840;st_mode33279;st_atime1664874160.9588141
st_size20840;st_mode33279;st_atime1664874161.0212996
st_size20840;st_mode33279;st_atime1664874161.8179865
st_size20840;st_mode33279;st_atime1664874162.2085469
st_size20840;st_mode33279;st_atime1664874162.2085469
st_size20840;st_mode33279;st_atime1664874162.2085469
st_size20840;st_mode33279;st_atime1664874162.4584608
st_size138600;st_mode33279;st_atime1664874163.895622
