<ProcessList><nome_proc><name>System Idle Process</name><status>running</status><data_creazione>0.0</data_creazione></nome_proc><nome_proc><name>System</name><status>running</status><data_creazione>0.0</data_creazione></nome_proc><nome_proc><name /><status>stopped</status><data_creazione>1675793537.527033</data_creazione></nome_proc><nome_proc><name>Registry</name><status>running</status><data_creazione>1675793537.5422244</data_creazione></nome_proc><nome_proc><name>LsaIso.exe</name><status>running</status><data_creazione>1675793542.1405191</data_creazione></nome_proc><nome_proc><name>smss.exe</name><status>running</status><data_creazione>1675793539.0705223</data_creazione></nome_proc><nome_proc><name>lsass.exe</name><status>running</status><data_creazione>1675793542.146466</data_creazione></nome_proc><nome_proc><name>csrss.exe</name><status>running</status><data_creazione>1675793540.9722445</data_creazione></nome_proc><nome_proc><name>Code.exe</name><status>running</status><data_creazione>1675873559.3820877</data_creazione></nome_proc><nome_proc><name>wininit.exe</name><status>running</status><data_creazione>1675793542.0461545</data_creazione></nome_proc><nome_proc><name>dptf_helper.exe</name><status>running</status><data_creazione>1675864786.0588834</data_creazione></nome_proc><nome_proc><name>IntelCpHeciSvc.exe</name><status>running</status><data_creazione>1675793542.61863</data_creazione></nome_proc><nome_proc><name>services.exe</name><status>running</status><data_creazione>1675793542.1045687</data_creazione></nome_proc><nome_proc><name>svchost.exe</name><status>running</status><data_creazione>1675793542.322145</data_creazione></nome_proc><nome_proc><name>fontdrvhost.exe</name><status>running</status><data_creazione>1675793542.3313508</data_creazione></nome_proc><nome_proc><name>WUDFHost.exe</name><status>running</status><data_creazione>1675793542.3374653</data_creazione></nome_proc><nome_proc><name>MSPCManager.exe</name><status>running</status><data_creazione>1675864801.4138694</data_creazione></nome_proc><nome_proc><name>svchost.exe</name><status>running</status><data_creazione>1675793542.378802</data_creazione></nome_proc><nome_proc><name>svchost.exe</name><status>running</status><data_creazione>1675793542.402678</data_creazione></nome_proc><nome_proc><name>svchost.exe</name><status>running</status><data_creazione>1675874439.64295</data_creazione></nome_proc><nome_proc><name>HiviewService.exe</name><status>running</status><data_creazione>1675793543.3635988</data_creazione></nome_proc><nome_proc><name>PerfWndMonHelper_x86.exe</name><status>running</status><data_creazione>1675864803.6786845</data_creazione></nome_proc><nome_proc><name>Code.exe</name><status>running</status><data_creazione>1675873557.4045084</data_creazione></nome_proc><nome_proc><name>msedgewebview2.exe</name><status>running</status><data_creazione>1675864803.3796709</data_creazione></nome_proc><nome_proc><name>svchost.exe</name><status>running</status><data_creazione>1675793542.5004108</data_creazione></nome_proc><nome_proc><name>WUDFHost.exe</name><status>running</status><data_creazione>1675793542.5178475</data_creazione></nome_proc><nome_proc><name>svchost.exe</name><status>running</status><data_creazione>1675874535.5247924</data_creazione></nome_proc><nome_proc><name>svchost.exe</name><status>running</status><data_creazione>1675793542.5307958</data_creazione></nome_proc><nome_proc><name>svchost.exe</name><status>running</status><data_creazione>1675793542.5308874</data_creazione></nome_proc><nome_proc><name>svchost.exe</name><status>running</status><data_creazione>1675793542.531026</data_creazione></nome_proc><nome_proc><name>svchost.exe</name><status>running</status><data_creazione>1675793542.5315676</data_creazione></nome_proc><nome_proc><name>opera.exe</name><status>running</status><data_creazione>1675864928.1321056</data_creazione></nome_proc><nome_proc><name>svchost.exe</name><status>running</status><data_creazione>1675793542.5508213</data_creazione></nome_proc><nome_proc><name>svchost.exe</name><status>running</status><data_creazione>1675864942.6370964</data_creazione></nome_proc><nome_proc><name>IntelCpHDCPSvc.exe</name><status>running</status><data_creazione>1675793542.585326</data_creazione></nome_proc><nome_proc><name>svchost.exe</name><status>running</status><data_creazione>1675793542.586614</data_creazione></nome_proc><nome_proc><name>svchost.exe</name><status>running</status><data_creazione>1675793542.59652</data_creazione></nome_proc><nome_proc><name>svchost.exe</name><status>running</status><data_creazione>1675793550.004254</data_creazione></nome_proc><nome_proc><name>svchost.exe</name><status>running</status><data_creazione>1675793542.611409</data_creazione></nome_proc><nome_proc><name>opera.exe</name><status>running</status><data_creazione>1675870722.9487796</data_creazione></nome_proc><nome_proc><name>svchost.exe</name><status>running</status><data_creazione>1675793542.647781</data_creazione></nome_proc><nome_proc><name>svchost.exe</name><status>running</status><data_creazione>1675796285.7172365</data_creazione></nome_proc><nome_proc><name>svchost.exe</name><status>running</status><data_creazione>1675793542.6660037</data_creazione></nome_proc><nome_proc><name>opera.exe</name><status>running</status><data_creazione>1675864928.5189052</data_creazione></nome_proc><nome_proc><name>svchost.exe</name><status>running</status><data_creazione>1675793542.6779277</data_creazione></nome_proc><nome_proc><name>svchost.exe</name><status>running</status><data_creazione>1675793542.6779277</data_creazione></nome_proc><nome_proc><name>svchost.exe</name><status>running</status><data_creazione>1675793542.6780488</data_creazione></nome_proc><nome_proc><name>svchost.exe</name><status>running</status><data_creazione>1675793542.6787405</data_creazione></nome_proc><nome_proc><name>svchost.exe</name><status>running</status><data_creazione>1675793542.996365</data_creazione></nome_proc><nome_proc><name>svchost.exe</name><status>running</status><data_creazione>1675793542.6948063</data_creazione></nome_proc><nome_proc><name>MemCompression</name><status>running</status><data_creazione>1675793542.6983504</data_creazione></nome_proc><nome_proc><name>svchost.exe</name><status>running</status><data_creazione>1675793542.7017183</data_creazione></nome_proc><nome_proc><name>sihost.exe</name><status>running</status><data_creazione>1675864786.1301522</data_creazione></nome_proc><nome_proc><name>svchost.exe</name><status>running</status><data_creazione>1675793543.008772</data_creazione></nome_proc><nome_proc><name>svchost.exe</name><status>running</status><data_creazione>1675793542.7178812</data_creazione></nome_proc><nome_proc><name>msedgewebview2.exe</name><status>running</status><data_creazione>1675864803.7216096</data_creazione></nome_proc><nome_proc><name>svchost.exe</name><status>running</status><data_creazione>1675793542.7228727</data_creazione></nome_proc><nome_proc><name>igfxCUIService.exe</name><status>running</status><data_creazione>1675793542.7314954</data_creazione></nome_proc><nome_proc><name>svchost.exe</name><status>running</status><data_creazione>1675793542.7496629</data_creazione></nome_proc><nome_proc><name>svchost.exe</name><status>running</status><data_creazione>1675793542.7511227</data_creazione></nome_proc><nome_proc><name>svchost.exe</name><status>running</status><data_creazione>1675793542.7518945</data_creazione></nome_proc><nome_proc><name>svchost.exe</name><status>running</status><data_creazione>1675874349.1979935</data_creazione></nome_proc><nome_proc><name>svchost.exe</name><status>running</status><data_creazione>1675793542.7622628</data_creazione></nome_proc><nome_proc><name>svchost.exe</name><status>running</status><data_creazione>1675793542.822867</data_creazione></nome_proc><nome_proc><name>svchost.exe</name><status>running</status><data_creazione>1675793543.071798</data_creazione></nome_proc><nome_proc><name>svchost.exe</name><status>running</status><data_creazione>1675793543.0717993</data_creazione></nome_proc><nome_proc><name>RuntimeBroker.exe</name><status>running</status><data_creazione>1675864796.0328145</data_creazione></nome_proc><nome_proc><name>opera.exe</name><status>running</status><data_creazione>1675864927.9453084</data_creazione></nome_proc><nome_proc><name>SystemSettings.exe</name><status>stopped</status><data_creazione>1675864810.7032547</data_creazione></nome_proc><nome_proc><name>svchost.exe</name><status>running</status><data_creazione>1675793856.6048172</data_creazione></nome_proc><nome_proc><name>powershell.exe</name><status>running</status><data_creazione>1675873564.2308087</data_creazione></nome_proc><nome_proc><name>svchost.exe</name><status>running</status><data_creazione>1675793543.1203184</data_creazione></nome_proc><nome_proc><name>svchost.exe</name><status>running</status><data_creazione>1675793543.1313405</data_creazione></nome_proc><nome_proc><name>NisSrv.exe</name><status>running</status><data_creazione>1675793729.556892</data_creazione></nome_proc><nome_proc><name>spoolsv.exe</name><status>running</status><data_creazione>1675793543.175521</data_creazione></nome_proc><nome_proc><name>HMSCoreService.exe</name><status>running</status><data_creazione>1675793543.3670468</data_creazione></nome_proc><nome_proc><name>svchost.exe</name><status>running</status><data_creazione>1675793543.2038317</data_creazione></nome_proc><nome_proc><name>conhost.exe</name><status>running</status><data_creazione>1675872641.5512822</data_creazione></nome_proc><nome_proc><name>svchost.exe</name><status>running</status><data_creazione>1675793543.235072</data_creazione></nome_proc><nome_proc><name>BasicService.exe</name><status>running</status><data_creazione>1675793543.370182</data_creazione></nome_proc><nome_proc><name>wlanext.exe</name><status>running</status><data_creazione>1675793543.2757416</data_creazione></nome_proc><nome_proc><name>conhost.exe</name><status>running</status><data_creazione>1675793543.285092</data_creazione></nome_proc><nome_proc><name>svchost.exe</name><status>running</status><data_creazione>1675793543.2935052</data_creazione></nome_proc><nome_proc><name>Code.exe</name><status>running</status><data_creazione>1675873556.2682028</data_creazione></nome_proc><nome_proc><name>svchost.exe</name><status>running</status><data_creazione>1675793543.3384857</data_creazione></nome_proc><nome_proc><name>gameinputsvc.exe</name><status>running</status><data_creazione>1675793543.3460667</data_creazione></nome_proc><nome_proc><name>svchost.exe</name><status>running</status><data_creazione>1675793543.3473935</data_creazione></nome_proc><nome_proc><name>svchost.exe</name><status>running</status><data_creazione>1675793543.3482122</data_creazione></nome_proc><nome_proc><name>svchost.exe</name><status>running</status><data_creazione>1675793543.3495135</data_creazione></nome_proc><nome_proc><name>svchost.exe</name><status>running</status><data_creazione>1675793543.3557303</data_creazione></nome_proc><nome_proc><name>svchost.exe</name><status>running</status><data_creazione>1675793550.1123831</data_creazione></nome_proc><nome_proc><name>HWVEAudioService.exe</name><status>running</status><data_creazione>1675793543.3756716</data_creazione></nome_proc><nome_proc><name>OneApp.IGCC.WinService.exe</name><status>running</status><data_creazione>1675793543.3761044</data_creazione></nome_proc><nome_proc><name>svchost.exe</name><status>running</status><data_creazione>1675793543.3775268</data_creazione></nome_proc><nome_proc><name>osdservice.exe</name><status>running</status><data_creazione>1675793543.3780308</data_creazione></nome_proc><nome_proc><name>esif_uf.exe</name><status>running</status><data_creazione>1675793543.396648</data_creazione></nome_proc><nome_proc><name>opera.exe</name><status>running</status><data_creazione>1675870723.1822567</data_creazione></nome_proc><nome_proc><name>IntelAudioService.exe</name><status>running</status><data_creazione>1675793543.4086423</data_creazione></nome_proc><nome_proc><name>svchost.exe</name><status>running</status><data_creazione>1675874348.5868733</data_creazione></nome_proc><nome_proc><name>opera.exe</name><status>running</status><data_creazione>1675864928.4262128</data_creazione></nome_proc><nome_proc><name>LCD_Service.exe</name><status>running</status><data_creazione>1675793543.435154</data_creazione></nome_proc><nome_proc><name>MateBookService.exe</name><status>running</status><data_creazione>1675793543.4391916</data_creazione></nome_proc><nome_proc><name>svchost.exe</name><status>running</status><data_creazione>1675793543.441069</data_creazione></nome_proc><nome_proc><name>WUDFHost.exe</name><status>running</status><data_creazione>1675793543.4527822</data_creazione></nome_proc><nome_proc><name>svchost.exe</name><status>running</status><data_creazione>1675793543.4548411</data_creazione></nome_proc><nome_proc><name>NahimicService.exe</name><status>running</status><data_creazione>1675793543.4555793</data_creazione></nome_proc><nome_proc><name>HWVEAudioSession.exe</name><status>running</status><data_creazione>1675864787.0963736</data_creazione></nome_proc><nome_proc><name>svchost.exe</name><status>running</status><data_creazione>1675794281.7304368</data_creazione></nome_proc><nome_proc><name>MSPCManagerService.exe</name><status>running</status><data_creazione>1675793543.4652207</data_creazione></nome_proc><nome_proc><name>svchost.exe</name><status>running</status><data_creazione>1675793543.4653738</data_creazione></nome_proc><nome_proc><name>SessionService.exe</name><status>running</status><data_creazione>1675793543.470066</data_creazione></nome_proc><nome_proc><name>svchost.exe</name><status>running</status><data_creazione>1675793543.4710844</data_creazione></nome_proc><nome_proc><name>svchost.exe</name><status>running</status><data_creazione>1675793543.4857557</data_creazione></nome_proc><nome_proc><name>svchost.exe</name><status>running</status><data_creazione>1675793543.4907005</data_creazione></nome_proc><nome_proc><name>TeamViewer_Service.exe</name><status>running</status><data_creazione>1675793543.491346</data_creazione></nome_proc><nome_proc><name>vmnetdhcp.exe</name><status>running</status><data_creazione>1675793543.496209</data_creazione></nome_proc><nome_proc><name>vmnat.exe</name><status>running</status><data_creazione>1675793543.5199375</data_creazione></nome_proc><nome_proc><name>MsMpEng.exe</name><status>running</status><data_creazione>1675793543.5231864</data_creazione></nome_proc><nome_proc><name>svchost.exe</name><status>running</status><data_creazione>1675793543.553186</data_creazione></nome_proc><nome_proc><name>WMIRegistrationService.exe</name><status>running</status><data_creazione>1675793543.5535688</data_creazione></nome_proc><nome_proc><name>WUCSService.exe</name><status>running</status><data_creazione>1675793543.559154</data_creazione></nome_proc><nome_proc><name>opera.exe</name><status>running</status><data_creazione>1675864927.918704</data_creazione></nome_proc><nome_proc><name>vmware-authd.exe</name><status>running</status><data_creazione>1675793543.6472845</data_creazione></nome_proc><nome_proc><name>vmware-usbarbitrator64.exe</name><status>running</status><data_creazione>1675793543.648638</data_creazione></nome_proc><nome_proc><name>Code.exe</name><status>running</status><data_creazione>1675873561.5782824</data_creazione></nome_proc><nome_proc><name>PerfWndMonHelper.exe</name><status>running</status><data_creazione>1675864803.5365252</data_creazione></nome_proc><nome_proc><name>dwm.exe</name><status>running</status><data_creazione>1675800221.3082507</data_creazione></nome_proc><nome_proc><name>jhi_service.exe</name><status>running</status><data_creazione>1675793543.7049713</data_creazione></nome_proc><nome_proc><name>svchost.exe</name><status>running</status><data_creazione>1675793543.726356</data_creazione></nome_proc><nome_proc><name>HMSCoreContainer.exe</name><status>running</status><data_creazione>1675793543.7277431</data_creazione></nome_proc><nome_proc><name>Code.exe</name><status>running</status><data_creazione>1675873556.1488705</data_creazione></nome_proc><nome_proc><name>python.exe</name><status>running</status><data_creazione>1675873559.791206</data_creazione></nome_proc><nome_proc><name>WUDFHost.exe</name><status>running</status><data_creazione>1675793543.7493837</data_creazione></nome_proc><nome_proc><name>dasHost.exe</name><status>running</status><data_creazione>1675793543.7507696</data_creazione></nome_proc><nome_proc><name>dllhost.exe</name><status>running</status><data_creazione>1675864789.9845333</data_creazione></nome_proc><nome_proc><name>conhost.exe</name><status>running</status><data_creazione>1675793543.7666605</data_creazione></nome_proc><nome_proc><name>svchost.exe</name><status>running</status><data_creazione>1675794204.1667123</data_creazione></nome_proc><nome_proc><name>svchost.exe</name><status>running</status><data_creazione>1675864786.187676</data_creazione></nome_proc><nome_proc><name>audiodg.exe</name><status>running</status><data_creazione>1675799910.6421542</data_creazione></nome_proc><nome_proc><name>aesm_service.exe</name><status>running</status><data_creazione>1675793665.5383537</data_creazione></nome_proc><nome_proc><name>unsecapp.exe</name><status>running</status><data_creazione>1675793543.9146547</data_creazione></nome_proc><nome_proc><name>WmiPrvSE.exe</name><status>running</status><data_creazione>1675793543.9237869</data_creazione></nome_proc><nome_proc><name>svchost.exe</name><status>running</status><data_creazione>1675793544.0771787</data_creazione></nome_proc><nome_proc><name>winlogon.exe</name><status>running</status><data_creazione>1675800221.2015295</data_creazione></nome_proc><nome_proc><name>AggregatorHost.exe</name><status>running</status><data_creazione>1675793544.1291544</data_creazione></nome_proc><nome_proc><name>svchost.exe</name><status>running</status><data_creazione>1675793698.6415322</data_creazione></nome_proc><nome_proc><name>python.exe</name><status>running</status><data_creazione>1675873561.5696566</data_creazione></nome_proc><nome_proc><name>opera_crashreporter.exe</name><status>running</status><data_creazione>1675864927.536856</data_creazione></nome_proc><nome_proc><name>opera.exe</name><status>running</status><data_creazione>1675870727.7939801</data_creazione></nome_proc><nome_proc><name>dasHost.exe</name><status>running</status><data_creazione>1675793544.3249576</data_creazione></nome_proc><nome_proc><name>svchost.exe</name><status>running</status><data_creazione>1675793544.3847387</data_creazione></nome_proc><nome_proc><name>svchost.exe</name><status>running</status><data_creazione>1675793544.3874085</data_creazione></nome_proc><nome_proc><name>svchost.exe</name><status>running</status><data_creazione>1675793544.4538288</data_creazione></nome_proc><nome_proc><name>ctfmon.exe</name><status>running</status><data_creazione>1675864794.376004</data_creazione></nome_proc><nome_proc><name>svchost.exe</name><status>running</status><data_creazione>1675793544.6107504</data_creazione></nome_proc><nome_proc><name>svchost.exe</name><status>running</status><data_creazione>1675793550.0341408</data_creazione></nome_proc><nome_proc><name>conhost.exe</name><status>running</status><data_creazione>1675873559.7990208</data_creazione></nome_proc><nome_proc><name>svchost.exe</name><status>running</status><data_creazione>1675794327.8588352</data_creazione></nome_proc><nome_proc><name>svchost.exe</name><status>running</status><data_creazione>1675864782.8034527</data_creazione></nome_proc><nome_proc><name>MBAMessageCenter.exe</name><status>running</status><data_creazione>1675864786.1918125</data_creazione></nome_proc><nome_proc><name>Code.exe</name><status>running</status><data_creazione>1675873557.702864</data_creazione></nome_proc><nome_proc><name>svchost.exe</name><status>running</status><data_creazione>1675793550.6795866</data_creazione></nome_proc><nome_proc><name>backgroundTaskHost.exe</name><status>stopped</status><data_creazione>1675864790.4897168</data_creazione></nome_proc><nome_proc><name>svchost.exe</name><status>running</status><data_creazione>1675793552.5039</data_creazione></nome_proc><nome_proc><name>python.exe</name><status>running</status><data_creazione>1675873559.7970915</data_creazione></nome_proc><nome_proc><name>svchost.exe</name><status>running</status><data_creazione>1675864786.8799133</data_creazione></nome_proc><nome_proc><name>PresentationFontCache.exe</name><status>running</status><data_creazione>1675793550.892757</data_creazione></nome_proc><nome_proc><name>opera.exe</name><status>running</status><data_creazione>1675864928.4640677</data_creazione></nome_proc><nome_proc><name>svchost.exe</name><status>running</status><data_creazione>1675793550.966714</data_creazione></nome_proc><nome_proc><name>opera.exe</name><status>running</status><data_creazione>1675864926.7807481</data_creazione></nome_proc><nome_proc><name>conhost.exe</name><status>running</status><data_creazione>1675873564.7545705</data_creazione></nome_proc><nome_proc><name>Code.exe</name><status>running</status><data_creazione>1675873557.3935888</data_creazione></nome_proc><nome_proc><name>svchost.exe</name><status>running</status><data_creazione>1675793551.3015575</data_creazione></nome_proc><nome_proc><name>SecurityHealthService.exe</name><status>running</status><data_creazione>1675793551.3190846</data_creazione></nome_proc><nome_proc><name>Code.exe</name><status>running</status><data_creazione>1675873556.404682</data_creazione></nome_proc><nome_proc><name>MessageCenterUI.exe</name><status>running</status><data_creazione>1675864793.9362392</data_creazione></nome_proc><nome_proc><name>explorer.exe</name><status>running</status><data_creazione>1675864786.5493543</data_creazione></nome_proc><nome_proc><name>svchost.exe</name><status>running</status><data_creazione>1675874439.6435316</data_creazione></nome_proc><nome_proc><name>TextInputHost.exe</name><status>running</status><data_creazione>1675864798.243072</data_creazione></nome_proc><nome_proc><name>svchost.exe</name><status>running</status><data_creazione>1675865142.765536</data_creazione></nome_proc><nome_proc><name>gameinputsvc.exe</name><status>running</status><data_creazione>1675800222.8185809</data_creazione></nome_proc><nome_proc><name>svchost.exe</name><status>running</status><data_creazione>1675793551.8271434</data_creazione></nome_proc><nome_proc><name>msedgewebview2.exe</name><status>running</status><data_creazione>1675864803.730618</data_creazione></nome_proc><nome_proc><name>SearchIndexer.exe</name><status>running</status><data_creazione>1675793555.5393574</data_creazione></nome_proc><nome_proc><name>conhost.exe</name><status>running</status><data_creazione>1675864787.2116919</data_creazione></nome_proc><nome_proc><name>opera.exe</name><status>running</status><data_creazione>1675864927.6641884</data_creazione></nome_proc><nome_proc><name>Code.exe</name><status>running</status><data_creazione>1675873679.6444163</data_creazione></nome_proc><nome_proc><name>opera.exe</name><status>running</status><data_creazione>1675868646.1095564</data_creazione></nome_proc><nome_proc><name>svchost.exe</name><status>running</status><data_creazione>1675793565.618043</data_creazione></nome_proc><nome_proc><name>StartMenuExperienceHost.exe</name><status>running</status><data_creazione>1675864788.5085266</data_creazione></nome_proc><nome_proc><name>svchost.exe</name><status>running</status><data_creazione>1675874439.8159769</data_creazione></nome_proc><nome_proc><name>svchost.exe</name><status>running</status><data_creazione>1675864787.1359196</data_creazione></nome_proc><nome_proc><name>python.exe</name><status>running</status><data_creazione>1675874757.7735524</data_creazione></nome_proc><nome_proc><name>svchost.exe</name><status>running</status><data_creazione>1675793667.6286645</data_creazione></nome_proc><nome_proc><name>svchost.exe</name><status>running</status><data_creazione>1675793554.4429207</data_creazione></nome_proc><nome_proc><name>Code.exe</name><status>running</status><data_creazione>1675873558.3464832</data_creazione></nome_proc><nome_proc><name>svchost.exe</name><status>running</status><data_creazione>1675864789.124646</data_creazione></nome_proc><nome_proc><name>cmd.exe</name><status>running</status><data_creazione>1675874757.7519045</data_creazione></nome_proc><nome_proc><name>SocketHeciServer.exe</name><status>running</status><data_creazione>1675793666.568402</data_creazione></nome_proc><nome_proc><name>svchost.exe</name><status>running</status><data_creazione>1675874469.6870613</data_creazione></nome_proc><nome_proc><name>dllhost.exe</name><status>running</status><data_creazione>1675868867.4922569</data_creazione></nome_proc><nome_proc><name>svchost.exe</name><status>running</status><data_creazione>1675793556.4446738</data_creazione></nome_proc><nome_proc><name>DFSSearchService.exe</name><status>running</status><data_creazione>1675864793.2216463</data_creazione></nome_proc><nome_proc><name>conhost.exe</name><status>running</status><data_creazione>1675873564.4397137</data_creazione></nome_proc><nome_proc><name>svchost.exe</name><status>running</status><data_creazione>1675874260.6231384</data_creazione></nome_proc><nome_proc><name>opera.exe</name><status>running</status><data_creazione>1675864928.3705676</data_creazione></nome_proc><nome_proc><name>HwMdcCenter.exe</name><status>running</status><data_creazione>1675864786.2852962</data_creazione></nome_proc><nome_proc><name>conhost.exe</name><status>running</status><data_creazione>1675873559.8076801</data_creazione></nome_proc><nome_proc><name>ApplicationFrameHost.exe</name><status>running</status><data_creazione>1675864810.7025273</data_creazione></nome_proc><nome_proc><name>IGCCTray.exe</name><status>running</status><data_creazione>1675864805.8971272</data_creazione></nome_proc><nome_proc><name>IGCC.exe</name><status>running</status><data_creazione>1675864806.4355316</data_creazione></nome_proc><nome_proc><name>svchost.exe</name><status>running</status><data_creazione>1675793667.4711132</data_creazione></nome_proc><nome_proc><name>RuntimeBroker.exe</name><status>running</status><data_creazione>1675872626.1125336</data_creazione></nome_proc><nome_proc><name>svchost.exe</name><status>running</status><data_creazione>1675864906.2154577</data_creazione></nome_proc><nome_proc><name>msedgewebview2.exe</name><status>running</status><data_creazione>1675864803.8386703</data_creazione></nome_proc><nome_proc><name>powershell.exe</name><status>running</status><data_creazione>1675873564.8429625</data_creazione></nome_proc><nome_proc><name>UserOOBEBroker.exe</name><status>running</status><data_creazione>1675864812.0972664</data_creazione></nome_proc><nome_proc><name>RuntimeBroker.exe</name><status>running</status><data_creazione>1675864788.6589136</data_creazione></nome_proc><nome_proc><name>python.exe</name><status>running</status><data_creazione>1675873562.1836216</data_creazione></nome_proc><nome_proc><name>opera.exe</name><status>running</status><data_creazione>1675864927.8884711</data_creazione></nome_proc><nome_proc><name>svchost.exe</name><status>running</status><data_creazione>1675793668.0497396</data_creazione></nome_proc><nome_proc><name>opera.exe</name><status>running</status><data_creazione>1675873658.5834525</data_creazione></nome_proc><nome_proc><name>cmd.exe</name><status>running</status><data_creazione>1675873564.5341284</data_creazione></nome_proc><nome_proc><name>Widgets.exe</name><status>running</status><data_creazione>1675864788.4678123</data_creazione></nome_proc><nome_proc><name>SearchHost.exe</name><status>stopped</status><data_creazione>1675864788.4936502</data_creazione></nome_proc><nome_proc><name>Code.exe</name><status>running</status><data_creazione>1675873556.4882455</data_creazione></nome_proc><nome_proc><name>igfxEM.exe</name><status>running</status><data_creazione>1675864786.165243</data_creazione></nome_proc><nome_proc><name>svchost.exe</name><status>running</status><data_creazione>1675864786.1518471</data_creazione></nome_proc><nome_proc><name>taskhostw.exe</name><status>running</status><data_creazione>1675864786.2359662</data_creazione></nome_proc><nome_proc><name>csrss.exe</name><status>running</status><data_creazione>1675800221.1793313</data_creazione></nome_proc><nome_proc><name>fontdrvhost.exe</name><status>running</status><data_creazione>1675800221.284593</data_creazione></nome_proc><nome_proc><name>Code.exe</name><status>running</status><data_creazione>1675873556.3179665</data_creazione></nome_proc><nome_proc><name>RuntimeBroker.exe</name><status>running</status><data_creazione>1675864806.529526</data_creazione></nome_proc><nome_proc><name>opera.exe</name><status>running</status><data_creazione>1675864927.6711533</data_creazione></nome_proc><nome_proc><name>PhoneExperienceHost.exe</name><status>running</status><data_creazione>1675864794.1918783</data_creazione></nome_proc><nome_proc><name>unsecapp.exe</name><status>running</status><data_creazione>1675864788.0667808</data_creazione></nome_proc><nome_proc><name>msedgewebview2.exe</name><status>running</status><data_creazione>1675864803.7534273</data_creazione></nome_proc><nome_proc><name>SgrmBroker.exe</name><status>running</status><data_creazione>1675793666.8088176</data_creazione></nome_proc><nome_proc><name>opera.exe</name><status>running</status><data_creazione>1675864927.753932</data_creazione></nome_proc><nome_proc><name>msedgewebview2.exe</name><status>running</status><data_creazione>1675864803.51675</data_creazione></nome_proc><nome_proc><name>conhost.exe</name><status>running</status><data_creazione>1675873564.1497552</data_creazione></nome_proc><nome_proc><name>python.exe</name><status>running</status><data_creazione>1675873561.5611987</data_creazione></nome_proc><nome_proc><name>ShellExperienceHost.exe</name><status>stopped</status><data_creazione>1675872626.045024</data_creazione></nome_proc><nome_proc><name>opera.exe</name><status>running</status><data_creazione>1675873867.969406</data_creazione></nome_proc><nome_proc><name>svchost.exe</name><status>running</status><data_creazione>1675864786.169987</data_creazione></nome_proc><nome_proc><name>RuntimeBroker.exe</name><status>running</status><data_creazione>1675864788.798564</data_creazione></nome_proc><nome_proc><name>opera.exe</name><status>running</status><data_creazione>1675864928.2340913</data_creazione></nome_proc><nome_proc><name>python.exe</name><status>running</status><data_creazione>1675873562.1907527</data_creazione></nome_proc><nome_proc><name>figma_agent.exe</name><status>running</status><data_creazione>1675864805.1387455</data_creazione></nome_proc></ProcessList>